﻿[
  {
    "name": "亻",
    "meaning": "human being",
    "reading": "",
    "type": "0",
    "required_level": "1",
    "meaning_mnemonic": "This is how kanji for human evoluated from this radical: 人 → 亻",
    "reading_mnemonic": "",
    "word_type": "",
    "components": []
  },
  {
    "name": "彳",
    "meaning": "step;stride",
    "reading": "",
    "type": "0",
    "required_level": "2",
    "meaning_mnemonic": "You can hust imagine two steps above one vertical line.",
    "reading_mnemonic": "",
    "word_type": "",
    "components": []
  },
  {
    "name": "日",
    "meaning": "sun;day",
    "reading": "",
    "type": "0",
    "required_level": "1",
    "meaning_mnemonic": "Since there are no circles in Japanese characters, sometimes rectangles or squares have to make do. In this case, this big rectangle is the sun. The middle line going through the center horizontally is the equator line. Imagine the sun as a big rectangle in the sky with a line through it and think about how weird that is - if you think it's weird enough in your mind, you'll probably remember this radical as well!",
    "reading_mnemonic": "",
    "word_type": "",
    "components": []
  },
  {
    "name": "人",
    "meaning": "person",
    "reading": "",
    "type": "0",
    "required_level": "1",
    "meaning_mnemonic": "If you look closely this shape resembles human shape.",
    "reading_mnemonic": "",
    "word_type": "",
    "components": []
  },
  {
    "name": "月",
    "meaning": "moon;month;body;flesh",
    "reading": "",
    "type": "0",
    "required_level": "2",
    "meaning_mnemonic": "The moon is actually made of the sun, but it has streamers coming off of it leaning towards the left. Why? because the moon is always running away from the sun as fast as it can. It wouldn't want to get caught by the fire of the sun, after all!",
    "reading_mnemonic": "",
    "word_type": "",
    "components": []
  },
  {
    "name": "寺",
    "meaning": "temple",
    "reading": "",
    "type": "0",
    "required_level": "2",
    "meaning_mnemonic": "You can imagine a temple building which resembles this shape.",
    "reading_mnemonic": "",
    "word_type": "",
    "components": []
  },
  {
    "name": "亅",
    "meaning": "barb",
    "reading": "",
    "type": "0",
    "required_level": "1",
    "meaning_mnemonic": "This radical is shaped like a barb, like you'd see on barb wire, or something. Imagine one of these getting stuck in your arm, and think about how much it would hurt to pull it out with that hook on the end.",
    "reading_mnemonic": "",
    "word_type": "",
    "components": []
  },
  {
    "name": "大",
    "meaning": "big",
    "reading": "",
    "type": "0",
    "required_level": "2",
    "meaning_mnemonic": "This radical looks just like a stick figure - more specifically, a really big dude stick figure. When you see this radical, just think big because this guy is really BIG!",
    "reading_mnemonic": "",
    "word_type": "",
    "components": []
  },
  {
    "name": "女",
    "meaning": "woman;female",
    "reading": "",
    "type": "0",
    "required_level": "1",
    "meaning_mnemonic": "This radical looks like two stacked X's, one on top of the other. When it comes to chromosomes, we usually think of males as XY and females as XX. Just think of those XX's as a symbol for a woman.",
    "reading_mnemonic": "",
    "word_type": "",
    "components": []
  },
  {
    "name": "宀",
    "meaning": "helmet",
    "reading": "",
    "type": "0",
    "required_level": "2",
    "meaning_mnemonic": "The helmet is almost like the lid (亠) except it has the little side things to hold it onto something. That's why this is a helmet that goes onto things you need to protect.",
    "reading_mnemonic": "",
    "word_type": "",
    "components": []
  },
  {
    "name": "亠",
    "meaning": "helmet",
    "reading": "",
    "type": "0",
    "required_level": "2",
    "meaning_mnemonic": "This looks just like something you'd put on a kettle, right? Even a little handle to make sure you don't burn yourself. This radical is some kind of lid.",
    "reading_mnemonic": "",
    "word_type": "",
    "components": []
  },
  {
    "name": "一",
    "meaning": "ground",
    "reading": "",
    "type": "0",
    "required_level": "1",
    "meaning_mnemonic": "This radical consists of a single, horizontal stroke. What's the biggest, single, horizontal stroke? That's the ground. Look at the ground, look at this radical, now look at the ground again. Kind of the same, right?",
    "reading_mnemonic": "",
    "word_type": "",
    "components": []
  },
  {
    "name": "二",
    "meaning": "two",
    "reading": "",
    "type": "0",
    "required_level": "1",
    "meaning_mnemonic": "You have TWO lines, it's simple!",
    "reading_mnemonic": "",
    "word_type": "",
    "components": []
  },
  {
    "name": "口",
    "meaning": "mouth",
    "reading": "",
    "type": "0",
    "required_level": "2",
    "meaning_mnemonic": "A big gaping square hole represents someone opening their giant mouth to tell you something stupid.",
    "reading_mnemonic": "",
    "word_type": "",
    "components": []
  },
  {
    "name": "儿",
    "meaning": "legs",
    "reading": "",
    "type": "0",
    "required_level": "2",
    "meaning_mnemonic": "This radical already looks like a pair of legs. There's even feet on these legs",
    "reading_mnemonic": "",
    "word_type": "",
    "components": []
  },
  {
    "name": "五",
    "meaning": "five",
    "reading": "",
    "type": "0",
    "required_level": "2",
    "meaning_mnemonic": "If you use your imagination, this radical actually looks like the number \"5\".",
    "reading_mnemonic": "",
    "word_type": "",
    "components": []
  },
  {
    "name": "ト",
    "meaning": "toe",
    "reading": "",
    "type": "0",
    "required_level": "1",
    "meaning_mnemonic": "This radical looks just like the katakana ト (to) character, which sounds like the word toe. So, when you see ト think toe.",
    "reading_mnemonic": "",
    "word_type": "",
    "components": []
  },
  {
    "name": "子",
    "meaning": "child;seed",
    "reading": "",
    "type": "0",
    "required_level": "2",
    "meaning_mnemonic": "This radical is made up of two barbs and one ground radical. If there are barbs on the ground, whom (especially) do you want to avoid that area? You want the child to avoid it, since children are so careless and often don't wear shoes. Imagine how bad you'd feel if you let a child walk around on top of these barbs! Pretty bad, I imagine.",
    "reading_mnemonic": "",
    "word_type": "",
    "components": []
  },
  {
    "name": "生",
    "meaning": "life",
    "reading": "",
    "type": "0",
    "required_level": "3",
    "meaning_mnemonic": "This radical consists of a cow radical with the ground radical below it. If you have cows on solid ground, then you really do have a good life, I think. Sometimes this radical will show up without the slide part on the side too, though we'll treat them both as \"life.\"",
    "reading_mnemonic": "",
    "word_type": "",
    "components": []
  },
  {
    "name": "又",
    "meaning": "again;right hand;stool",
    "reading": "",
    "type": "0",
    "required_level": "2",
    "meaning_mnemonic": "This looks just like a fold-out stool, amiright?",
    "reading_mnemonic": "",
    "word_type": "",
    "components": []
  },
  {
    "name": "ナ",
    "meaning": "narwhal",
    "reading": "",
    "type": "0",
    "required_level": "3",
    "meaning_mnemonic": "This radical looks like the katakana character \"na\" (ナ) which we're going to say stands for narwhal.",
    "reading_mnemonic": "",
    "word_type": "",
    "components": []
  },
  {
    "name": "幸",
    "meaning": "happiness",
    "reading": "",
    "type": "0",
    "required_level": "3",
    "meaning_mnemonic": "This is the same as the kanji happiness. Don't get confused with the radical \"spicy\" which is very similar.",
    "reading_mnemonic": "",
    "word_type": "",
    "components": []
  },
  {
    "name": "⻌",
    "meaning": "walk;water slide",
    "reading": "",
    "type": "0",
    "required_level": "3",
    "meaning_mnemonic": "You have a drop of water at the top, and then a squiggly looking thing that looks like it could be a slide. That's why this radical is the water slide. What fun!",
    "reading_mnemonic": "",
    "word_type": "",
    "components": []
  },
  {
    "name": "气",
    "meaning": "steam;breath;energy",
    "reading": "",
    "type": "0",
    "required_level": "3",
    "meaning_mnemonic": "This radical is shaped kind of like a dam. See the wall and the water pushing over the top? If this radical is a dam, then it must create a ton of energy as well!",
    "reading_mnemonic": "",
    "word_type": "",
    "components": []
  },
  {
    "name": "メ",
    "meaning": "treasure",
    "reading": "",
    "type": "0",
    "required_level": "3",
    "meaning_mnemonic": "This radical is treasure because \"X marks the spot\" as they say. Don't confuse this radical with Narwhal (ナ). This one looks more like an X, which is where the treasure is.",
    "reading_mnemonic": "",
    "word_type": "",
    "components": []
  },
  {
    "name": "元",
    "meaning": "origin",
    "reading": "",
    "type": "0",
    "required_level": "3",
    "meaning_mnemonic": "You have \"two\" and \"legs\" making up this radical. Between two legs is where you came from, no matter how you look at it. These two legs are your origin.",
    "reading_mnemonic": "",
    "word_type": "",
    "components": []
  },
  {
    "name": "禾",
    "meaning": "pine",
    "reading": "",
    "type": "0",
    "required_level": "3",
    "meaning_mnemonic": "This radical is a tree with something extra on the top. Although it's sort of arbitrary, we're going to associate this kind of tree with a pine tree, making this radical a pine.",
    "reading_mnemonic": "",
    "word_type": "",
    "components": []
  },
  {
    "name": "ム",
    "meaning": "origin",
    "reading": "",
    "type": "0",
    "required_level": "3",
    "meaning_mnemonic": "This little triangle isn't quite a triangle because it's not one single thing. It's several things put together to form a little pile of something.",
    "reading_mnemonic": "",
    "word_type": "",
    "components": []
  },
  {
    "name": "隹",
    "meaning": "turkey;old bird",
    "reading": "",
    "type": "0",
    "required_level": "4",
    "meaning_mnemonic": "This looks kind of like the top of the bird radical, but not quite. It's kind of a dumb looking bird radical top. What's a dumb bird, so dumb that it would look into the sky to drown itself with its mouth open? A turkey.",
    "reading_mnemonic": "",
    "word_type": "",
    "components": []
  },
  {
    "name": "言",
    "meaning": "say",
    "reading": "",
    "type": "0",
    "required_level": "4",
    "meaning_mnemonic": "One. One. One. One. Mouth. The mouth will say one thing at a time. It's doing what mouths do best, just saying things one after another. That's why this radical is \"say.\"",
    "reading_mnemonic": "",
    "word_type": "",
    "components": []
  },
  {
    "name": "弋",
    "meaning": "ceremony",
    "reading": "",
    "type": "0",
    "required_level": "4",
    "meaning_mnemonic": "This radical looks like a guy standing on one foot (because you only see one leg) holding onto something that produces drops of liquid. This person is pretty drunk, apparently. It's because he's performing the ceremony of drinking lots and lots.",
    "reading_mnemonic": "",
    "word_type": "",
    "components": []
  },
  {
    "name": "工",
    "meaning": "construction;work",
    "reading": "",
    "type": "0",
    "required_level": "4",
    "meaning_mnemonic": "You know those big steel girders that are used for the frame of big buildings? This is like the end of one of those - they have a very distinct shape, just like this radical. These girders are used in construction, which is why this radical means construction. Funny thing is, you use these girders to put together buildings just like you're going to use this radical to put together kanji!",
    "reading_mnemonic": "",
    "word_type": "",
    "components": []
  },
  {
    "name": "馬",
    "meaning": "horse",
    "reading": "",
    "type": "0",
    "required_level": "4",
    "meaning_mnemonic": "Don't confuse this radical with bird. It looks similar with the wing on the bottom and the shape on top, but it doesn't have a feather sticking out of the top of its head. So while it moves fast like it has wings, it's no bird, it's a horse.",
    "reading_mnemonic": "",
    "word_type": "",
    "components": []
  }

]